ano;questao_na_prova;situacao;id_no_site;gabarito_novas;confianca_gabarito;enunciado
2015;1;NOVA (adicionada e comentada);trauma-1082;C;alta;A fratura da glenoide que envolve seu terço superior e inclui o processo coracoide é classificada segundo IDEBERG como tipo
2015;2;já existia (ano marcado);pediatria-0063;;;A Leucomalácia periventricular é a lesão característica da
2015;3;já existia (ano marcado);ombro-cotovelo-0039;;;A artropatia neuropática do ombro está relacionada a
2015;4;já existia (ano marcado);coluna-0037, coluna-0095;;;A síndrome centromedular ocorre em idosos por mecanismo de
2015;5;já existia (ano marcado);ombro-cotovelo-0040;;;Nas lesões irreparáveis do manguito rotador envolvendo os tendões supraespinhal e infraespinhal, a transferência muscular quando indicada é feita com o
2015;6;já existia (ano marcado);ombro-cotovelo-0041;;;Na luxação glenoumeral anterior, a lesão do ligamento glenoumeral inferior ocorre na(s)
2015;7;já existia (ano marcado);coluna-0038;;;A dor lombar aguda, após exclusão de sinais de alarme, deve ser tratada com
2015;8;já existia (ano marcado);mao-0063;;;Na mão torta radial, a estabilização do punho utilizando os flexores superficiais deve incluir preferencialmente os tendões dos dedos
2015;9;já existia (ano marcado);tumores-0050;;;O cisto ósseo simples geralmente é detectado quando o paciente apresenta
2015;10;já existia (ano marcado);tumores-0051;;;A metástase óssea distal ao joelho ou ao cotovelo geralmente é decorrente de carcinoma de
2015;11;já existia (ano marcado);tumores-0052;;;O fibroma ossificante localiza-se mais comumente
2015;12;já existia (ano marcado);pediatria-0064;;;Durante a puberdade o crescimento do tronco
2015;13;NOVA (adicionada e comentada);pediatria-0596;A;média;A fratura osteocondral do tálus na criança é mais comum na região
2015;14;NOVA (adicionada e comentada);pediatria-0597;A;média;A fratura de estresse no pé da criança geralmente ocorre
2015;15;já existia (ano marcado);osteometabolicas-0010;;;A artralgia associada à picada do carrapato geralmente é observada no
2015;16;já existia (ano marcado);osteometabolicas-0011;;;O raquitismo induzido por medicamentos está relacionado principalmente ao uso de
2015;17;já existia (ano marcado);trauma-0128;;;A lesão de MONTEGGIA com fratura do terço médio ou proximal da ulna e fratura-luxação posterior da cabeça do rádio, é classificada por BADO como tipo
2015;18;já existia (ano marcado);mao-0064;;;Na deformidade em botoeira, a imobilização para o tratamento conservador deve manter a IFP em extensão e a IFD
2015;19;já existia (ano marcado);ombro-cotovelo-0042;;;A capsulite adesiva do ombro tem maior incidência em
2015;20;já existia (ano marcado);trauma-0129;;;Na lesão do anel pélvico, as artérias do sistema ilíaco interno mais relacionadas à hemorragia são a glútea
2015;21;já existia (ano marcado);pe-tornozelo-0044;;;No estágio II da insuficiência do tendão do tibial posterior, classificada por JOHNSON e STROM, encontramos no exame físico
2015;22;NOVA (adicionada e comentada);pediatria-0598;A;baixa;Na fratura do antebraço da criança que ocorre por mecanismo indireto, os segmentos mais vulneráveis ao trauma no rádio e na ulna são, respectivamente,
2015;23;já existia (ano marcado);conceitos-basicos-0051;;;Na pseudartrose após osteossíntese intramedular, o exame de imagem com maior sensibilidade para o diagnóstico é a
2015;24;já existia (ano marcado);osteometabolicas-0012;;;A síndrome de REITER caracteriza-se por conjuntivite, uretrite e sinovite
2015;25;já existia (ano marcado);trauma-0130;;;Na fratura diáfisária do femur, a fixação interna com placa pela via aberta está mais bem indicada na presença de
2015;26;NOVA (adicionada e comentada);pediatria-0599;B;alta;A fratura do colo do fêmur mais frequente na criança, segundo a classificação de DELBET & COLONNA, corresponde ao tipo
2015;27;já existia (ano marcado);tumores-0053;;;O granuloma eosinofílico em apresentação isolada é encontrado mais frequentemente
2015;28;já existia (ano marcado);trauma-0131;;;No mecanismo da luxação anterior traumática do quadril, o membro inferior está posicionado em rotação
2015;29;já existia (ano marcado);pe-tornozelo-0045;;;Na ruptura fechada do tendão calcâneo, o mecanismo de lesão mais comum envolve
2015;30;já existia (ano marcado);pediatria-0065;;;Na mielomeningocele, as fraturas ocorrem frequentemente na extremidade
2015;31;já existia (ano marcado);trauma-0132;;;A fratura da clavícula classificada segundo ROBINSON como 3A2, corresponde ao tipo
2015;32;já existia (ano marcado);pediatria-0066;;;A fratura de extremidade mais sugestiva de abuso infantil é a
2015;33;já existia (ano marcado);quadril-0053, quadril-0076, trauma-0133, trauma-0309, trauma-0952;;;Na avaliação radiográfica do acetábulo, a dissociação entre a linha ilioisquiática e a gota de lágrima de KÖHLER sugere fratura
2015;34;já existia (ano marcado);joelho-0031;;;A ruptura do tendão do quadríceps é mais comumente associada a
2015;35;já existia (ano marcado);mao-0065;;;Na rigidez pós-traumática da articulação metacarpofalângica, a capsulotomia é contraindicada se o arco de movimento alcançar
2015;36;já existia (ano marcado);trauma-0134;;;Na luxação da articulação acromioclavicular do tipo III de ROCKWOOD, existe integridade dos ligamentos coracoclaviculares quando há fratura
2015;37;já existia (ano marcado);trauma-0135;;;Na confecção da banda de tensão para tratamento da fratura do olécrano, a colocação dos fios de KIRSCHNER em posição muito lateral está relacionada com
2015;38;já existia (ano marcado);tumores-0054;;;O condrossarcoma primário tem seu pico de incidência na faixa etária entre
2015;39;já existia (ano marcado);mao-0066, mao-0067;;;No exame físico da mão, se a articulação interfalângica proximal não flexiona passivamente com a metacarpofalângica em extensão e flexiona passivamente com a metacarpofalângica em flexão, deve-se pensar em
2015;40;já existia (ano marcado);trauma-0340, trauma-0953;;;Na fratura do colo do fêmur do idoso tratada com redução anatômica e fixação interna, o fator mais frequentemente relacionado à reoperação é a
2015;41;já existia (ano marcado);pediatria-0067;;;Na artrogripose, a cirurgia de STEINDLER tem como objetivo a correção da deformidade em
2015;42;já existia (ano marcado);quadril-0028;;;A artrose do quadril secundária à OTTO PELVIS ocorre com maior frequência em
2015;43;já existia (ano marcado);trauma-0136;;;Na fratura do escafoide, a síndrome naviculocapitato caracteriza-se por
2015;44;já existia (ano marcado);coluna-0039;;;A paresia dos músculos bíceps braquial e extensores radiais do carpo, assim como a diminuição do reflexo estilorradial, são características da lesão da raiz
2015;45;já existia (ano marcado);joelho-0032;;;Na ruptura do ligamento cruzado anterior, a largura do túnel intercondilar é menor
2015;46;já existia (ano marcado);pediatria-0068;;;No pé torto congênito unilateral tratado pelo método de PONSETI, a órtese de DENIS BROWNE no pé normal deve ser utilizada com rotação lateral de
2015;47;já existia (ano marcado);trauma-0137;;;Na fratura da diáfise da tíbia, a lesão neurológica mais comum após osteossíntese intramedular é a do nervo
2015;48;já existia (ano marcado);mao-0068;;;A ruptura da banda sagital do capuz extensor dos dedos da mão ocorre mais comumente do lado
2015;49;já existia (ano marcado);joelho-0033;;;O fator mais importante para a luxação recidivante da patela é
2015;50;já existia (ano marcado);pediatria-0069;;;Na doença de LEGG-CALVÉ-PERTHES, a subluxação e o achatamento da cabeça femoral ocorrem na fase de
2015;51;já existia (ano marcado);trauma-0138;;;Na fratura do calcâneo tratada pela via lateral estendida, a principal fonte vascular do retalho fasciocutâneo é a artéria
2015;52;já existia (ano marcado);ombro-cotovelo-0043;;;O eixo de flexo-extensão do cotovelo no plano lateral encontra-se
2015;53;já existia (ano marcado);pediatria-0070, quadril-0029;;;Na artroplastia total do quadril displásico dos tipos 3 e 4 de CROWE, a principal complicação neurológica é a lesão do nervo
2015;54;já existia (ano marcado);mao-0069;;;No punho reumatoide, a lesão de MANNERFELT é relacionada à ruptura do tendão do
2015;55;já existia (ano marcado);conceitos-basicos-0052;;;As lesões musculares são mais comuns em músculos
2015;56;já existia (ano marcado);trauma-0139;;;Uma fratura AO 43-A3 com exposição de 3 cm e lesão isolada da artéria tibial anterior deve ser classificada, segundo GUSTILO et al, como do tipo
2015;57;já existia (ano marcado);trauma-0140;;;No paciente obeso com fratura subtrocantérica do fêmur, o implante mais recomendado é
2015;58;já existia (ano marcado);pediatria-0071;;;Na osteogênese imperfeita classificada segundo SILLENCE, a fragilidade óssea é mais grave no tipo
2015;59;já existia (ano marcado);trauma-0141;;;Na fratura isolada da cabeça do rádio classificada por MASON como tipo II, é indicação absoluta de tratamento cirúrgico
2015;60;já existia (ano marcado);conceitos-basicos-0053;;;A osteomielite hematogênica aguda do terço proximal do fêmur apresenta maior possibilidade de evolução para osteonecrose da epífise na faixa etária entre
2015;61;já existia (ano marcado);joelho-0034;;;O teste de McMURRAY para lesão meniscal do joelho é realizado
2015;62;já existia (ano marcado);tumores-0055;;;No cordoma sacrococcígeo, o diagnóstico radiográfico é dificultado pela
2015;63;já existia (ano marcado);joelho-0035;;;Na artroplastia total do joelho, o corte posterior dos côndilos femorais deve ser feito com
2015;64;já existia (ano marcado);ombro-cotovelo-0044;;;No ombro, o estabilizador primário da translação ântero-posterior da cabeça do úmero é
2015;65;já existia (ano marcado);trauma-0142;;;Na fratura do processo odontoide, a fixação com parafuso é contraindicada se houver
2015;66;já existia (ano marcado);ombro-cotovelo-0045;;;Na incidência radiográfica em perfil da escápula, a posição da cabeça do úmero em relação ao centro do Y é
2015;67;já existia (ano marcado);pediatria-0072;;;Na displasia do desenvolvimento do quadril diagnosticada tardiamente, o obstáculo intra- articular mais significativo para redução é
2015;68;já existia (ano marcado);pediatria-0073;;;A deformidade em rotação interna dos ossos da perna é associada ao pé
2015;69;já existia (ano marcado);trauma-0143;;;Na fratura toracolombar avaliada segundo a classificação de distribuição de carga (load sharing classification), a via anterior é indicada quando o somatório de pontos é
2015;70;já existia (ano marcado);trauma-0144;;;A complicação nervosa mais frequentemente observada na lesão de MONTEGGIA é a lesão do
2015;71;já existia (ano marcado);conceitos-basicos-0054;;;Na infecção vertebral, a principal via de disseminação é
2015;72;já existia (ano marcado);trauma-0145, trauma-0928;;;Na fratura diafisária proximal do rádio, o desvio do fragmento superior ocorre pela ação dos músculos
2015;73;já existia (ano marcado);mao-0070;;;A doença de DUPUYTREN caracteriza-se por
2015;74;já existia (ano marcado);trauma-0146;;;Na fratura da extremidade proximal do úmero, a complicação mais comum é
2015;75;já existia (ano marcado);ombro-cotovelo-0118, trauma-0147, trauma-0345, trauma-0947;;;O padrão mais simples de fratura-luxação do cotovelo é
2015;76;já existia (ano marcado);ombro-cotovelo-0046;;;A principal complicação da artroplastia semiconstrita do cotovelo é a
2015;77;já existia (ano marcado);coluna-0040;;;Na escoliose idiopática do adolescente, o risco de progressão da deformidade antes da maturidade esquelética está associado com
2015;78;já existia (ano marcado);pediatria-0074;;;Na tíbia vara de BLOUNT o ângulo de LEVINE-DRENNAN é
2015;79;NOVA (adicionada e comentada);pediatria-0600;D;alta;Na fratura supracondiliana do úmero em extensão, o desvio mais comum do fragmento distal é
2015;80;já existia (ano marcado);conceitos-basicos-0055;;;A fusão do arco posterior do atlas ocorre na faixa etária entre
2015;81;já existia (ano marcado);mao-0071;;;O corte transversal do rádio nas suas porções proximal, média e distal é respectivamente
2015;82;já existia (ano marcado);mao-0072;;;Na síndrome do túnel radial, a compressão do nervo interósseo posterior ocorre
2015;83;NOVA (adicionada e comentada);pediatria-0601;C;alta;Nas fraturas da metáfise proximal da tíbia em crianças, a complicação tardia associada à interposição da pata de ganso é
2015;84;já existia (ano marcado);quadril-0030;;;A vascularização da cabeça do fêmur depende predominantemente dos vasos capsulares localizados nas regiões
2015;85;já existia (ano marcado);joelho-0036;;;É contraindicação absoluta para artroplastia total do joelho
2015;86;já existia (ano marcado);coluna-0041;;;Na hérnia discal cervical, a compressão da raiz nervosa de C6 causa alteração da sensibilidade no dedo
2015;87;já existia (ano marcado);coluna-0042;;;Na doença de SCHEUERMANN, o diagnóstico diferencial mais comum é
2015;88;já existia (ano marcado);pe-tornozelo-0046;;;No pé diabético, segundo a classificação de WAGNER, a presença de exposição de tendões corresponde ao grau
2015;89;já existia (ano marcado);trauma-0148;;;Na fratura do planalto tibial, o acesso póstero-lateral é realizado no intervalo entre os músculos
2015;90;NOVA (adicionada e comentada);pediatria-0602;A;média;A fratura da tuberosidade da tíbia em crianças classificada por SALTER-HARRIS como tipo I corresponde, na classificação de WATSON-JONES, ao tipo
2015;91;já existia (ano marcado);pe-tornozelo-0047;;;No hálux rígido, segundo a classificação de COUGHLIN e SHURNAS, a presença de dor mais constante, moderada diminuição do espaço articular e moderada restrição da mobilidade, corresponde ao grau
2015;92;já existia (ano marcado);osteometabolicas-0013;;;O tratamento cirúrgico da fratura da coluna vertebral secundária à osteoporose está indicado na presença de
2015;93;já existia (ano marcado);trauma-0149;;;Nas fraturas do tornozelo, é considerado parâmetro radiográfico de boa redução o
2015;94;já existia (ano marcado);pe-tornozelo-0048;;;Na pesquisa clínica da ruptura do tendão calcâneo, pede-se ao paciente em decúbito ventral e com as pernas fora da mesa de exame que realize a flexão ativa dos joelhos até 90º. Neste momento observa-se a posição do pé, se está em flexão plantar, neutro ou flexão dorsal. Este teste foi descrito por
2015;95;já existia (ano marcado);mao-0073;;;A sindactilia da mão ocorre mais frequentemente entre o
2015;96;já existia (ano marcado);mao-0074;;;A doença de KIENBOCK ocorre mais frequentemente em
2015;97;NOVA (adicionada e comentada);pediatria-0603;C;alta;Nas fraturas diafisárias estáveis do fêmur acima dos 11 anos de idade, o tratamento definitivo recomendado é
2015;98;já existia (ano marcado);trauma-0150;;;Na síndrome compartimental aguda, o coeficiente Delta-P é obtido subtraindo-se a pressão
2015;99;NOVA (adicionada e comentada);pediatria-0604;D;alta;A fratura do terço distal do rádio na criança tem indicação de tratamento emergencial quando houver
2015;100;já existia (ano marcado);trauma-0151;;;A ocorrência da síndrome compartimental crônica da perna está associada à presença de
2016;1;já existia (ano marcado);coluna-0028;;;Na discopatia lombar, a diminuição significativa da força do tríceps sural indica compressão da raíz de
2016;2;já existia (ano marcado);trauma-0107;;;Na“fratura do enforcado”a lesão de C2 localiza-se
2016;3;já existia (ano marcado);coluna-0029;;;Na estenose lombar central os sintomas são
2016;4;já existia (ano marcado);ombro-cotovelo-0031;;;A maior estabilidade da articulação esternoclavicular, no que diz respeito à translação posterior, é fornecida
2016;5;já existia (ano marcado);coluna-0030;;;Para um paciente com escoliose idiopática do adolescente, cuja curva é de 10o e o índice de RISSER é grau 1, a probabilidade de progressão da curva é de
2016;6;já existia (ano marcado);coluna-0031;;;Na doença de SCHEUERMANN,o ápice da curva ocorre entre
2016;7;já existia (ano marcado);mao-0051;;;Nos tendões flexores superficiais dos dedos da mão, uma área isquêmica está presente sob a polia
2016;8;NOVA (adicionada e comentada);pediatria-0605;A;alta;A fratura do odontoide na criança, quando classificada por SALTER-HARRIS, apresenta-se usualmente como do tipo
2016;9;já existia (ano marcado);ombro-cotovelo-0032;;;Na anatomia do cotovelo, a estrutura ligamentar que se insere no tubérculo sublime da ulna é
2016;10;já existia (ano marcado);trauma-0108;;;Na fratura do terço distal do úmero no adulto, o nervo mais comumente acometido é o
2016;11;já existia (ano marcado);coluna-0032, coluna-0043;;;A Síndrome de BROWN-SÈQUARD é caracterizada por déficit motor e
2016;12;já existia (ano marcado);coluna-0033;;;Na hérnia de disco cervical que comprime a raíz de C6,o exame físico do paciente revela
2016;13;já existia (ano marcado);trauma-0109;;;As fraturas do capítulo umeral em adultos são classificadas pela AO como
2016;14;já existia (ano marcado);ombro-cotovelo-0033;;;Na ruptura completa do tendão distal do bíceps braquial, o teste físico que apresenta 100% de sensibilidade e especificidade para o diagnóstico é o
2016;15;já existia (ano marcado);quadril-0019;;;A ruptura do tendão do glúteo médio é mais frequente em
2016;16;já existia (ano marcado);tumores-0044;;;O cisto ósseo unicameral é mais freqüente
2016;17;já existia (ano marcado);osteometabolicas-0008;;;Na artrite reumatoide, o paciente que está limitado a executar pouca atividade diária é categorizado, segundo o escore de capacidadefuncional da Associação Americana de Reumatologia,como classe
2016;18;já existia (ano marcado);pediatria-0058;;;Na paralisia cerebral, o nível funcional mais frequente segundo o Gross Motor and Functional Classification System (GMFCS) é o
2016;19;já existia (ano marcado);tumores-0045;;;Na fase inicial da histiocitose de células de LANGERHANS, a imagem radiográfica assemelha-se a
2016;20;já existia (ano marcado);pediatria-0059, pediatria-0472;;;Na osteogênese imperfeita, o aminoácido envolvido no defeito do colágeno tipo I é a
2016;21;já existia (ano marcado);conceitos-basicos-0044, conceitos-basicos-0258;;;Na fixação externa circular, o aumento da estabilidade é obtido com
2016;22;já existia (ano marcado);conceitos-basicos-0045;;;No tratamento da infecção pós-osteossíntese, o uso local de antibiótico associado ao polimetilmetacrilato (cimento) requer que a droga escolhida seja
2016;23;já existia (ano marcado);trauma-0949;;;A fratura da clavícula na criança em idade escolar resulta frequentemente de
2016;24;já existia (ano marcado);mao-0052, trauma-0110;;;A maior parte da vascularização do polo proximal do escafoide entra pela crista
2016;25;já existia (ano marcado);mao-0053;;;No polegar trifalângico,a diminuição da primeira comissura e a ausência da musculatura tenar caracterizam o tipo
2016;26;já existia (ano marcado);quadril-0020;;;Na biomecânica do quadril, o ligamento isquiofemoral controla a
2016;27;já existia (ano marcado);trauma-0111;;;Na abordagem emergencial das lesões do anel pélvico, a instabilidade posterior é mais bem tratada com
2016;28;já existia (ano marcado);quadril-0021;;;A OTTO pelvis é caracterizada por ser
2016;29;já existia (ano marcado);quadril-0022;;;O quadril em ressalto interno decorre do atrito entre a eminência iliopectínea e o tendão do
2016;30;já existia (ano marcado);trauma-0112, trauma-0342, trauma-0945;;;Na fratura do acetábulo, o sinal radiográfico da “asa de gaivota” caracteriza a presença de
2016;31;já existia (ano marcado);quadril-0023;;;As fraturas periprotéticas do fêmur classificadas como B2 (VANCOUVER) têm como tratamento preferencial a
2016;32;já existia (ano marcado);quadril-0024;;;No impacto femoroacetabular do tipo CAM, a lesão em contragolpe é mais comumente encontrada nas regiões
2016;33;já existia (ano marcado);quadril-0025;;;Na osteonecrose da cabeça do fêmur classificada segundo STEINBERG, o sinal do crescente acometendo 20% da superfície articular corresponde ao estágio
2016;34;já existia (ano marcado);quadril-0026;;;Na osteíte do púbis, um dos achados na imagem da ressonância magnética é a tendinose do
2016;35;já existia (ano marcado);pe-tornozelo-0036;;;Na artrodese do tornozelo, o tálus deve ser posicionado em
2016;36;já existia (ano marcado);trauma-0113;;;A fratura multifragmentária da região anterior do pilão tibial é mais frequentemente associada ao mecanismo de trauma
2016;37;já existia (ano marcado);pe-tornozelo-0037;;;A insuficiência do tendão tibial posterior é evidenciada clinicamente pelo
2016;38;já existia (ano marcado);mao-0054, ombro-cotovelo-0100, ombro-cotovelo-0384, trauma-0308, trauma-0942;;;Na anatomia do terço médio do antebraço, o ramo profundo do nervo radial encontra-se junto à
2016;39;já existia (ano marcado);pediatria-0060;;;A sinostose radiulnar congênita geralmente é uma alteração
2016;40;NOVA (adicionada e comentada);pediatria-0606;C;alta;Na criança com deformidade plástica do antebraço e limitação da pronossupinação,o tratamento indicado é
2016;41;já existia (ano marcado);coluna-0034;;;Na rotação axial da coluna cervical, a articulação atlanto-axial é responsável por aproximadamente
2016;42;já existia (ano marcado);coluna-0035;;;No choque neurogênico ocorre
2016;43;já existia (ano marcado);trauma-0114;;;Na fratura do sacro classificada por DENIS como zona III, a probabilidade de lesão neurológica é de
2016;44;já existia (ano marcado);ombro-cotovelo-0034;;;Na epicondilite lateral do cotovelo, as alterações patológicas envolvem principalmente a origem do músculo
2016;45;já existia (ano marcado);ombro-cotovelo-0035, ombro-cotovelo-0114, ombro-cotovelo-0389;;;No tratamento cirúrgico do cotovelo rígido, o “procedimento da coluna” é realizado através do acesso
2016;46;já existia (ano marcado);mao-0055;;;Na síndrome do túnel cubital classificada por McGOWAN, a categoria III é caracterizada por
2016;47;já existia (ano marcado);pediatria-0061;;;A luxação congênita da cabeça do rádio geralmente é
2016;48;já existia (ano marcado);conceitos-basicos-0046;;;Na amputação por vasculopatia periférica, a complicação mais comum é a
2016;49;já existia (ano marcado);pediatria-0474;;;O anel pericondral de LaCROIX é uma estrutura
2016;50;já existia (ano marcado);conceitos-basicos-0047;;;Na retirada de aparelhos gessados recomenda-se a utilização de serras
2016;51;já existia (ano marcado);osteometabolicas-0009;;;Na osteoporose pós menopausa, a diminuição abrupta da massa óssea tem relação com níveis decrescentes de
2016;52;já existia (ano marcado);conceitos-basicos-0048;;;Na síndrome dolorosa regional complexa a presença de pele úmida, cianótica e fria caracteriza o estágio
2016;53;já existia (ano marcado);pediatria-0062, pediatria-0484;;;A neurofibromatose do tipo 1 é
2016;54;NOVA (adicionada e comentada);pediatria-0607;C;alta;Nas lesões fisárias tipo VI, segundo a classificação de PETERSON, ocorre
2016;55;já existia (ano marcado);joelho-0251;;;Na ATJ,o defeito ósseo extenso na região metafisária com cortical íntegra é classificado, segundo RAND,como tipo
2016;56;já existia (ano marcado);joelho-0026;;;A lesão meniscal mais comum é a
2016;57;já existia (ano marcado);joelho-0027;;;Na reconstrução do LCP, a complicação mais comum é a
2016;58;já existia (ano marcado);joelho-0028;;;A ruptura do ligamento patelar é mais comum em pacientes
2016;59;já existia (ano marcado);trauma-0115;;;No joelho flutuante, a incidência de fratura exposta associada é de aproximadamente
2016;60;NOVA (adicionada e comentada);pediatria-0608;D;média;Na fratura do terço distal do fêmur na criança a lesão associada mais comum é a
2016;61;já existia (ano marcado);ombro-cotovelo-0036;;;A artroplastia reversa do ombro tem como contra-indicação a
2016;62;já existia (ano marcado);ombro-cotovelo-0037;;;Na capsulite adesiva do ombro, o aumento da sua incidência está relacionado com
2016;63;já existia (ano marcado);ombro-cotovelo-0038;;;Na tendinite calcárea do ombro, a fase II de SARKAR-UHTHOFF é caracterizada por
2016;64;já existia (ano marcado);conceitos-basicos-0049;;;Na correção de uma deformidade na diáfise da tíbia, se o CORA, o eixo de correção e a linha da osteotomia estão no mesmo ponto, devemos realizar
2016;65;já existia (ano marcado);trauma-0116;;;Na síndrome compartimental após fratura exposta da tíbia, a lesão de partes moles corresponde, segundo a classificação de TSCHERNE, ao grau
2016;66;já existia (ano marcado);mao-0056;;;Na instabilidade perilunar progressiva do carpo, o estágio III de MAYFIELD é caracterizado pela falha do ligamento
2016;67;já existia (ano marcado);mao-0057;;;Adoença de KIËNBOCK tem como fator de risco para sua ocorrência
2016;68;já existia (ano marcado);mao-0058;;;A lesão do tendão extensor do dedo médio na região metacarpofalângica corresponde, na classificação topográfica, à zona
2016;69;já existia (ano marcado);mao-0059;;;A mão reumatoide apresenta como característica clínica o acometimento
2016;70;já existia (ano marcado);mao-0060;;;Na síndrome do túnel do carpo, o teste mais específico e sensível para o diagnóstico é o de
2016;71;já existia (ano marcado);mao-0061, mao-0161, mao-0559;;;O polegar em gatilho na criança é uma alteração
2016;72;já existia (ano marcado);conceitos-basicos-0050, conceitos-basicos-0089;;;Numa criança com limitação para o apoio do membro e leucocitose de 13.000/ml, a probabilidade de artrite séptica do quadril é de aproximadamente
2016;73;já existia (ano marcado);pe-tornozelo-0038;;;A fisiopatologia da artropatia de CHARCOT que acomete o pé, envolve
2016;74;já existia (ano marcado);pe-tornozelo-0039;;;A fasciíte plantar está relacionada à presença de
2016;75;já existia (ano marcado);pe-tornozelo-0040;;;O hálux rígido está associado
2016;76;já existia (ano marcado);pe-tornozelo-0041;;;Na lesão osteocondral do tálus classificada segundo BERNDT E HARTY, o tratamento conservador está indicado no tipo
2016;77;já existia (ano marcado);pe-tornozelo-0042;;;O metatarso aduto está frequentemente associado com
2016;78;já existia (ano marcado);pe-tornozelo-0043;;;A coalizão tarsal envolve mais comumente as articulações
2016;79;já existia (ano marcado);joelho-0029;;;Na instabilidade patelar o “sinal do cruzamento”é observado na tróclea do tipo
2016;80;NOVA (adicionada e comentada);pediatria-0609;B;alta;A fratura da base da falange proximal do polegar tipo III de SALTER-HARRIS, ocorre por avulsão
2016;81;já existia (ano marcado);mao-0062, mao-0148, mao-0556;;;Na plexopatia neonatal classificada segundo NAKARAS, aquela que evolui com recuperação total entre a primeira e a oitava semanas é a do tipo
2016;82;já existia (ano marcado);tumores-0046;;;Na doença de PAGET, as atividades osteoclástica e osteoblástica apresentam-se, respectivamente
2016;83;já existia (ano marcado);trauma-0117;;;Na fratura da cabeça femoral, o fragmento livre localiza-se mais comumente na posição
2016;84;já existia (ano marcado);trauma-0118;;;Na osteonecrose após fratura-luxação do tálus, o diagnóstico radiográfico é feito a partir de
2016;85;já existia (ano marcado);tumores-0047;;;O fibroma não ossificante localiza-se caracteristicamente na região
2016;86;já existia (ano marcado);tumores-0048;;;O cisto ósseo unicameral no adulto acomete principalmente o
2016;87;já existia (ano marcado);tumores-0049;;;O sarcoma de partes moles mais comum na infância é o
2016;88;já existia (ano marcado);joelho-0030;;;Nas rupturas crônicas do tendão do quadríceps, a técnica de reparo com alongamento do tendão e retalho em V invertido é a descrita por
2016;89;já existia (ano marcado);trauma-0085, trauma-0919;;;Na fratura diafisária da clavícula, os desvios típicos do fragmento lateral são
2016;90;já existia (ano marcado);trauma-0119;;;A fratura do colo da falange média com angulação de ápice volar ocorre por ação do músculo
2016;91;já existia (ano marcado);trauma-0120;;;Na fratura da extremidade distal do fêmur, a complicação mais comum é
2016;92;já existia (ano marcado);trauma-0121;;;Na fratura de BENNETT, o primeiro metacarpal é supinado por ação do
2016;93;já existia (ano marcado);coluna-0036, coluna-0084, coluna-0276;;;Na lombalgia aguda, deve-se solicitar uma radiografia de coluna lombar em caso de
2016;94;já existia (ano marcado);trauma-0122;;;A técnica de MATTI-RUSSE para tratamento da pseudartrose do escafoide utiliza enxerto ósseo
2016;95;já existia (ano marcado);trauma-0123, trauma-0162;;;A fratura do odontoide mais comum e que cursa com pseudartrose em 36% dos casos é, segundo ANDERSON e D’ALONSO, a do tipo
2016;96;já existia (ano marcado);trauma-0124;;;Na fratura do acetábulo que acomete a parede anterior, a transmissão da energia do trauma se dá pelo eixo
2016;97;já existia (ano marcado);trauma-0125;;;A luxação aguda do joelho com ruptura dos ligamentos cruzados e integridade dos colaterais é classificada, segundo SCHENCK, como
2016;98;já existia (ano marcado);trauma-0126;;;A instabilidade do complexo suspensório superior do ombro ocorre em caso de fratura do
2016;99;já existia (ano marcado);trauma-0127;;;Na fratura da clavícula do tipo IIB de CRAIG, ocorre a ruptura do periósteo e do ligamento
2016;100;já existia (ano marcado);quadril-0027, quadril-0223;;;O offset do componente femoral de uma prótese do quadril é representado na figura pela distância
2017;1;NOVA (adicionada e comentada);pediatria-0610;D;baixa;Na fratura do côndilo lateral na criança, o músculo que se mantém preso ao fragmento distal é o
2017;2;já existia (ano marcado);ombro-cotovelo-0025;;;A estrutura mais importante para garantir a estabilidade do cotovelo no estresse em valgo a 90° de flexão é
2017;3;já existia (ano marcado);joelho-0020;;;Na gonartrose unicompartimental medial, preconiza-se para o paciente de 50 anos de idade com joelho varo de 25°
2017;4;já existia (ano marcado);trauma-0084;;;A fratura toracolombar por explosão é caracterizada por
2017;5;já existia (ano marcado);coluna-0024;;;Na escoliose idiopática do adolescente, uma paciente de 14 anos com menarca há dois anos e ângulo de COBB de 35° deve
2017;6;já existia (ano marcado);pediatria-0045;;;Na deficiência femoral focal proximal, a anomalia congênita mais comumente associada é
2017;7;já existia (ano marcado);pediatria-0046;;;Na pseudartrose congênita da tíbia, a deformidade angular característica é
2017;8;já existia (ano marcado);ombro-cotovelo-0026;;;O principal estabilizador estático da articulação glenoumeral é o ligamento
2017;9;já existia (ano marcado);conceitos-basicos-0036;;;Para a prevenção da síndrome da dor regional complexa após fratura do terço distal do rádio, indica-se a administração diária de vitamina
2017;10;já existia (ano marcado);pediatria-0047;;;Na luxação congênita da cabeça do rádio, os desvios mais comuns são
2017;11;NOVA (adicionada e comentada);pediatria-0611;D;baixa;A fratura “em galho verde” do olécrano associada à fratura do colo do rádio ocorre quando o antebraço e o cotovelo estão, respectivamente, em
2017;12;já existia (ano marcado);pe-tornozelo-0029;;;No pé talo vertical, há contratura
2017;13;já existia (ano marcado);mao-0041;;;Na síndrome do nervo interósseo anterior, há fraqueza ou paralisia do
2017;14;já existia (ano marcado);trauma-0085, trauma-0919;;;Na fratura diafisária da clavícula, os desvios típicos do fragmento lateral são
2017;15;já existia (ano marcado);trauma-0086, trauma-0929;;;A sinostose radioulnar ocorre com maior frequência nas fraturas do rádio e da ulna localizadas no terço
2017;16;já existia (ano marcado);pediatria-0048;;;No paciente com mielomeningocele e escoliose, a rápida progressão da curva vertebral associa–se a
2017;17;já existia (ano marcado);ombro-cotovelo-0027;;;Na ruptura da porção distal do bíceps braquial, o diagnóstico pelo “teste do gancho” é feito com a tentativa de palpar o tendão em sua face
2017;18;já existia (ano marcado);ombro-cotovelo-0028;;;O índice de gravidade da instabilidade glenoumeral (ISIS) inclui
2017;19;já existia (ano marcado);trauma-0087;;;Na fratura diafisária do úmero tratada com redução aberta e fixação interna rígida pela via anterolateral, a complicação mais frequente é
2017;20;já existia (ano marcado);mao-0042;;;Na doença de DUPUYTREN, os nódulos de GARROD localizam-se na face
2017;21;já existia (ano marcado);trauma-0088;;;Na fratura consolidada da diáfise da tíbia tratada com haste intramedular, a queixa mais comum é a dor no local da
2017;22;já existia (ano marcado);trauma-0120;;;Na fratura da extremidade distal do fêmur, a complicação mais comum é
2017;23;já existia (ano marcado);joelho-0021;;;Na ruptura do ligamento cruzado anterior do joelho, a fratura de SEGOND corresponde à avulsão da
2017;24;já existia (ano marcado);trauma-0089;;;Na fratura-luxação de MONTEGGIA no adulto, os piores resultados são esperados para as lesões, segundo BADO, do tipo
2017;25;NOVA (adicionada e comentada);pediatria-0612;C;média;O trauma do antebraço da criança causado por mecanismo de hiperpronação associa-se à fratura
2017;26;já existia (ano marcado);joelho-0022;;;No menisco discoide, segundo a classificação de WATANABE, o tipo que mais comumente se apresenta com ressalto lateral (snapping) em uma criança de 2 a 3 anos é o
2017;27;já existia (ano marcado);conceitos-basicos-0037;;;A lesão dos isquiotibiais ocorre mais frequentemente
2017;28;já existia (ano marcado);trauma-0090;;;Na fratura-luxação da base do primeiro metacarpo, o desvio em supinação do segmento distal ocorre pela ação do músculo
2017;29;já existia (ano marcado);mao-0043;;;Na síndrome do túnel do carpo, a circulação epineural é prejudicada quando a pressão intratúnel se dá a partir de
2017;30;já existia (ano marcado);mao-0044;;;No teste de FROMENT, os músculos do polegar avaliados são
2017;31;já existia (ano marcado);trauma-0091;;;Na imobilização da mão em posicionamento funcional, as metacarpofalângicas devem ficar em flexão de
2017;32;já existia (ano marcado);trauma-0092;;;Na classificação anatômica de JEFFERSON, a deformidade de COCK-ROBIN é encontrada na fratura multifragmentar
2017;33;já existia (ano marcado);pediatria-0049;;;Na coxa vara do desenvolvimento, os movimentos mais limitados são
2017;34;NOVA (adicionada e comentada);pediatria-0613;B;alta;A fusão da cartilagem trirradiada ocorre aproximadamente entre as idades de
2017;35;já existia (ano marcado);mao-0045;;;O nervo ulnar, no túnel cubital, passa sob
2017;36;já existia (ano marcado);tumores-0039;;;No osteossarcoma, é sinal de mau prognóstico a elevação da
2017;37;já existia (ano marcado);pediatria-0050;;;Na distrofia muscular de DUCHENNE, a fraqueza do quadríceps e do glúteo máximo é evidenciada pelo sinal de
2017;38;já existia (ano marcado);conceitos-basicos-0038;;;Os tecidos ósseo e conjuntivo são formados pela placa
2017;39;NOVA (adicionada e comentada);pediatria-0614;C;alta;As porcentagens médias do crescimento fisário proximal e distal do úmero são, respectivamente, de
2017;40;já existia (ano marcado);ombro-cotovelo-0029;;;Na lesão do nervo axilar, ocorre hipoestesiano braço nas faces
2017;41;já existia (ano marcado);pe-tornozelo-0030;;;O percentual de rerruptura do tendão calcâneo em atletas, após o tratamento cirúrgico é
2017;42;já existia (ano marcado);conceitos-basicos-0039;;;Na osteomielite hematogênica aguda, a região metafisária é mais acometida por apresentar pequeno número de
2017;43;já existia (ano marcado);trauma-0093;;;As fraturas do polo proximal do escafoide em crianças ocorrem por avulsão do ligamento
2017;44;já existia (ano marcado);conceitos-basicos-0040;;;No alongamento dos membros utilizando fixador externo, os tecidos que apresentam melhor capacidade de metaplasia e diferenciação estão na seguinte ordem:
2017;45;já existia (ano marcado);mao-0046;;;Nas lesões da fibrocartilagem triangular, a perfuração central corresponde à classificação de PALMER do tipo
2017;46;já existia (ano marcado);coluna-0025;;;No trauma raquimedular com choque neurogênico, são observadas as seguintes alterações clínicas
2017;47;já existia (ano marcado);trauma-0094;;;Na SCIWORA, o mecanismo de trauma mais comum é
2017;48;já existia (ano marcado);coluna-0026, coluna-0060;;;A hérnia discal que compromete a função do músculo bíceps braquial localiza-se no nível
2017;49;já existia (ano marcado);osteometabolicas-0006;;;A infecção por tuberculose na coluna vertebral localiza-se mais frequentemente no
2017;50;já existia (ano marcado);trauma-0095;;;A fratura por estresse com desvio superior a 2mm, segundo KAEDING-MILLER, é classificada como grau
2017;51;já existia (ano marcado);tumores-0040;;;A doença de PAGET na forma poliostótica, o percentual de degeneração sarcomatosa é
2017;52;já existia (ano marcado);trauma-0096;;;A fratura por estresse da base do quinto metatarsiano ocorre na zona
2017;53;NOVA (adicionada e comentada);pediatria-0615;C;alta;A fratura de TILLAUX no tornozelo de uma criança pode ser classificada como
2017;54;já existia (ano marcado);pe-tornozelo-0031;;;A artrite reumatoide provoca no retropé uma deformidade em
2017;55;já existia (ano marcado);pe-tornozelo-0032;;;No pé cavo, o antepé está, em relação ao retropé,
2017;56;já existia (ano marcado);osteometabolicas-0007;;;No tratamento da osteoporose, o uso dos bifosfonados
2017;57;já existia (ano marcado);pediatria-0051;;;As mucopolissacaridoses mais frequentes são as síndromes de
2017;58;já existia (ano marcado);tumores-0041;;;O fibroma não ossificante é uma lesão que se situa
2017;59;já existia (ano marcado);mao-0047;;;A deformidade de MADELUNG é mais frequente no sexo
2017;60;já existia (ano marcado);tumores-0042;;;O cisto ósseo aneurismático na coluna vertebral ocorre com maior frequência na parte
2017;61;já existia (ano marcado);tumores-0043;;;No osteocondroma, a origem é
2017;62;já existia (ano marcado);trauma-0097;;;Na fratura da cabeça do fêmur PIPKIN I, o tratamento cirúrgico indicado é a
2017;63;já existia (ano marcado);trauma-0098;;;O tratamento ideal para a fixação cirúrgica da fratura da diáfise do fêmur, pelo princípio da estabilidade relativa, é
2017;64;NOVA (adicionada e comentada);pediatria-0616;D;alta;Na fratura da epífise proximal da tíbia fechada com lesão vascular associada, o mecanismo de trauma mais comum é
2017;65;já existia (ano marcado);trauma-0099;;;Na fratura diafisária do fêmur, o compartimento da coxa com maior risco de evoluir com síndrome compartimental é o
2017;66;já existia (ano marcado);trauma-0100, trauma-0934;;;Nas lesões do anel pélvico, a presença do sinal de GREY TURNER é indicativo de
2017;67;já existia (ano marcado);pe-tornozelo-0033;;;Na lesão do ligamento colateral lateral do tornozelo do tipo III, o melhor tratamento é o
2017;68;já existia (ano marcado);pediatria-0052;;;A doença de LEGG-CALVÉ-PERTHES é mais comum no sexo
2017;69;já existia (ano marcado);ombro-cotovelo-0030;;;Faz parte dos critérios de CODMAN para o diagnóstico de capsulite adesiva
2017;70;já existia (ano marcado);trauma-0101;;;A fratura do colo do fêmur no adulto é mais frequente em mulheres da raça
2017;71;já existia (ano marcado);trauma-0102;;;Na fratura do calcâneo em língua com grande desvio, a complicação precoce mais frequente é a
2017;72;já existia (ano marcado);joelho-0023;;;Na luxação patelar intra-articular, a superfície articular da patela está comumente
2017;73;já existia (ano marcado);quadril-0016;;;Na artroplastia total do quadril, durante a cimentação, a complicação que diminuiu consideravelmente com a melhora das técnicas de anestesia foi
2017;74;já existia (ano marcado);trauma-0103;;;A complicação mais frequente após fratura do capítulo umeral é a
2017;75;já existia (ano marcado);mao-0048;;;Na rizartrose o principal ligamento que se torna incompetente para estabilizar a articulação acometida é o
2017;76;já existia (ano marcado);pediatria-0053;;;A pseudartrose congênita da tíbia apresenta alteração histológica
2017;77;já existia (ano marcado);pediatria-0054;;;Na deformidade de SPRENGEL, o tratamento cirúrgico deve incluir a ressecção do osso omovertebral de modo
2017;78;já existia (ano marcado);pediatria-0055;;;Na marcha normal, as fases de balanço e de apoio ocupam o ciclo, respectivamente, em
2017;79;já existia (ano marcado);pediatria-0056;;;A síndrome de SINDING-LARSEN-JOHANSSON acomete com maior frequência
2017;80;já existia (ano marcado);joelho-0024;;;No exame físico do joelho, são manobras indicadas para a avaliação de lesões meniscais os testes de
2017;81;já existia (ano marcado);joelho-0025;;;A localização clássica da osteocondrite dissecante do joelho do adolescente é a área
2017;82;já existia (ano marcado);trauma-0104;;;No tratamento da fratura subtrocantérica com redução adequada, o colapso em varo é menos frequente usando-se
2017;83;NOVA (adicionada e comentada);pediatria-0617;D;alta;Nas lesões fisárias da extremidade proximal do úmero do tipo II de SALTER- HARRIS, o fragmento metafisário tem como localização mais frequente a região
2017;84;NOVA (adicionada e comentada);pediatria-0618;A;média;A fratura diafisária do úmero na criança é mais frequentemente encontrada na faixa etária entre
2017;85;NOVA (adicionada e comentada);pediatria-0619;B;alta;Nas fraturas da diáfise do fêmur em crianças, o desvio do fragmento proximal se dá em
2017;86;já existia (ano marcado);quadril-0017;;;O músculo vasto lateral é inervado e vascularizado, respectivamente, pelo nervo
2017;87;já existia (ano marcado);conceitos-basicos-0041;;;A complicação mais frequente após amputação nos membros superiores é
2017;88;já existia (ano marcado);pediatria-0057;;;A ossificação do fêmur e da tíbia ocorre durante a gestação nas semanas
2017;89;já existia (ano marcado);pe-tornozelo-0034;;;No tratamento cirúrgico do pé plano, a artrorrise é um procedimento caracterizado pelo
2017;90;já existia (ano marcado);pe-tornozelo-0035;;;A supinação do pé envolve movimentos de
2017;91;já existia (ano marcado);conceitos-basicos-0042;;;Na lesão fisária traumática, o aparecimento das linhas de HARRIS representa
2017;92;NOVA (adicionada e comentada);pediatria-0620;D;média;Na lesão pélvica da criança, a presença de fratura bilateral dos ramos púbicos, segundo a classificação de TORODE e ZIEG, corresponde ao tipo
2017;93;já existia (ano marcado);trauma-0105;;;Na luxação traumática irredutível do joelho, as estruturas mais comumente interpostas são
2017;94;já existia (ano marcado);coluna-0027;;;Na anatomia da coluna vertebral, a artéria de ADAMKIEWICZ está localizada mais frequentemente entre os níveis
2017;95;já existia (ano marcado);conceitos-basicos-0043;;;Na consolidação viciosa com deformidade angular tratada com fixação externa circular, a colocação da dobradiça no lado convexo da bissetriz do CORA leva a
2017;96;já existia (ano marcado);quadril-0018;;;Na osteotomia de CHIARI do quadril, a complicação hemorrágica mais frequente ocorre por lesão da artéria
2017;97;já existia (ano marcado);mao-0049;;;Na via de acesso para região anterior e proximal do antebraço (HENRY), o plano intermuscular encontra-se entre os músculos braquiorradial,
2017;98;já existia (ano marcado);mao-0050;;;A amputação do terceiro raio da mão compromete no polegar o movimento de
2017;99;NOVA (adicionada e comentada);pediatria-0621;B;alta;Na fratura “em galho verde” da metáfise proximal da tíbia, a deformidade mais frequente é o
2017;100;já existia (ano marcado);trauma-0106;;;Na lesão crônica de ESSEX LOPRESTI, indica-se o
2018;1;já existia (ano marcado);pe-tornozelo-0017;;;A vascularização da diáfise da tíbia não fraturada se dá principalmente por ramos da artéria tibial
2018;2;já existia (ano marcado);mao-0017;;;Na síndrome cubital, a estrutura que causa compressão do nervo ulnar é o músculo
2018;3;já existia (ano marcado);trauma-0041;;;O acesso volar para o escafoide é realizado
2018;4;já existia (ano marcado);mao-0018;;;A fratura-luxação perissemilunar ocorre por hiperextensão do punho, desvio
2018;5;já existia (ano marcado);trauma-0042;;;Nas fraturas da base da falange média, a angulação dorsal ocorre por ação do músculo
2018;6;já existia (ano marcado);mao-0019;;;Na lesão fechada do tendão flexor profundo dos dedos, segundo a classificação de LEDDY & PACKER, ocorre ruptura de ambas as vínculas no tipo
2018;7;já existia (ano marcado);pediatria-0025;;;Na luxação congênita do joelho, este encontra-se na posição de
2018;8;NOVA (adicionada e comentada);trauma-1083;B;alta;Na fratura do terço proximal da diáfise da tíbia, o ponto de inserção da haste intramedular excessivamente medial causa deformidade em
2018;9;já existia (ano marcado);pe-tornozelo-0018;;;O teste de rotação lateral do tálus é usado para investigar a integridade
2018;10;já existia (ano marcado);joelho-0011;;;A ruptura espontânea do tendão do quadríceps femoral ocorre mais frequentemente na região hipovascular situada
2018;11;já existia (ano marcado);joelho-0012;;;A meniscectomia total medial e lateral aumenta a força de contato nos respectivos compartimentos em torno de
2018;12;já existia (ano marcado);trauma-0043;;;Nas fraturas subtrocantéricas com desvio, o fragmento proximal está em flexão,
2018;13;já existia (ano marcado);trauma-0044;;;A fratura-luxação de MONTEGGIA no adulto, segundo a classificação de BADO, o tipo mais comum é o
2018;14;já existia (ano marcado);trauma-0045;;;Na fratura da parede anterior do acetábulo, o mecanismo de trauma é uma força aplicada no trocanter maior, com o quadril em
2018;15;já existia (ano marcado);conceitos-basicos-0023;;;Na deformidade angular da tíbia em que o CORA difere do ponto óbvio, significa deformidade
2018;16;NOVA (adicionada e comentada);pediatria-0622;D;alta;Na região fisária, a estrutura que garante a estabilidade da junção osso- cartilagem é
2018;17;NOVA (adicionada e comentada);pediatria-0623;C;alta;Nas fraturas da diáfise do fêmur em crianças, tratadas com haste intramedular flexível de titânio, o istmo deve estar preenchido entre
2018;18;NOVA (adicionada e comentada);pediatria-0624;C;baixa;Na fratura da espinha tibial na criança, os mecanismos de trauma mais comuns são
2018;19;já existia (ano marcado);ombro-cotovelo-0014;;;Na epicondilite lateral do cotovelo, a análise microscópica mostra uma substituição de tecido normal por hiperplasia
2018;20;já existia (ano marcado);mao-0020;;;No desenvolvimento embrionário, as malformações por interrupção da organogênese normal da gestação ocorrem durante o
2018;21;já existia (ano marcado);pediatria-0026;;;A marcha em rotação externa tibial patológica (>18 graus) na adolescência está relacionada a
2018;22;já existia (ano marcado);coluna-0011;;;Na semiologia da coluna lombar, o teste de SCHOBER modificado auxilia na identificação de
2018;23;NOVA (adicionada e comentada);pediatria-0625;C;média;Nas fraturas fisárias de SALTER-HARRIS I e II, a localização mais frágil da placa de crescimento é a
2018;24;já existia (ano marcado);coluna-0012;;;Na espondilite anquilosante, o processo da ossificação na coluna poupa
2018;25;já existia (ano marcado);mao-0021;;;Na paralisia obstétrica, a ausência do movimento de rotação lateral do ombro é decorrente da lesão do nervo
2018;26;já existia (ano marcado);trauma-0046;;;A síndrome compartimental crônica pode ser causada por
2018;27;já existia (ano marcado);conceitos-basicos-0024;;;Na consolidação viciosa, o CORA é
2018;28;NOVA (adicionada e comentada);pediatria-0626;C;alta;Na fratura do processo lateral do tálus na criança, o mecanismo de trauma é semelhante ao da
2018;29;já existia (ano marcado);pe-tornozelo-0019;;;No tratamento cirúrgico de uma coalizão talocalcaneana, o objetivo é
2018;30;já existia (ano marcado);pe-tornozelo-0020;;;Paciente com artropatia de CHARCOT no pé, classificada como tipo 2 de BRODSKY, deve ser submetido a
2018;31;já existia (ano marcado);trauma-0047;;;A fratura do terço distal da tíbia classificada pela Associação de Trauma Ortopédica (OTA) como B3 representa uma fratura
2018;32;já existia (ano marcado);quadril-0007;;;Na anatomia da coxa, são estruturas do compartimento medial, o músculo
2018;33;já existia (ano marcado);trauma-0048;;;Na fratura da extremidade distal do fêmur, a associação com lesão ligamentar do joelho é
2018;34;já existia (ano marcado);trauma-0049, trauma-0890;;;Na fratura diafisária da tíbia do adulto, com a fíbula íntegra, tratada pelo método funcional de SARMIENTO, a complicação mais comumente observada é
2018;35;já existia (ano marcado);trauma-0050;;;Na fratura extra-articular da escápula, existe indicação de tratamento cirúrgico quando
2018;36;já existia (ano marcado);tumores-0020;;;De acordo com ENNEKING, um osteossarcoma central e extra-compartimental é classificado como
2018;37;já existia (ano marcado);ombro-cotovelo-0015;;;Na semiologia do ombro, o teste de mobilização passiva para avaliar o manguito rotador é o de
2018;38;já existia (ano marcado);tumores-0021;;;As metástases ósseas decorrentes dos tumores de rim, tireoide e próstata apresentam, respectivamente, padrão
2018;39;já existia (ano marcado);tumores-0022;;;O tumor de células gigantes apresenta transformação maligna em aproximadamente
2018;40;já existia (ano marcado);tumores-0023;;;A displasia fibrosa é mais frequente no padrão
2018;41;já existia (ano marcado);tumores-0024;;;No tumor maligno, a ressecção marginal é realizada
2018;42;já existia (ano marcado);tumores-0025;;;A síndrome de MAFFUCCI corresponde a presença de encondromatose associada a
2018;43;já existia (ano marcado);tumores-0026;;;Comparando o sarcoma de EWING com o osteossarcoma, o primeiro apresenta, na avaliação histológica, células de padrão
2018;44;já existia (ano marcado);trauma-0051;;;Na avaliação da fratura do tálus, a incidência radiográfica descrita por CANALE e KELLY é realizada com flexão
2018;45;já existia (ano marcado);trauma-0052;;;Na fratura do planalto tibial, a lesão mais comumente associada é a do
2018;46;já existia (ano marcado);coluna-0013;;;Na estenose central do canal lombar, a claudicação neurogênica caracteriza-se clinicamente por
2018;47;já existia (ano marcado);coluna-0014;;;Na espondilolistese displásica de alto grau, o risco elevado de progressão relaciona-se ao platô sacral
2018;48;já existia (ano marcado);trauma-0053;;;Na fratura do enforcado, a lesão tipo II de LEVINE E EDWARDS apresenta como mecanismo de trauma
2018;49;NOVA (adicionada e comentada);pediatria-0627;D;média;Na lesão lombar da criança, a fratura da placa terminal é mais comum no gênero
2018;50;já existia (ano marcado);pediatria-0027;;;Na mielomeningocele nível torácico, os membros inferiores frequentemente apresentam-se ao nascimento com deformidade em
2018;51;já existia (ano marcado);coluna-0015;;;No trauma raquimedular, a síndrome medular incompleta com lesão do trato corticoespinhal e espinotalâmico e a preservação da propriocepção é a
2018;52;já existia (ano marcado);trauma-0054;;;Na fratura cervical baixa associada a lesão da artéria vertebral com indicação de tratamento cirúrgico, deve-se evitar o
2018;53;NOVA (adicionada e comentada);pediatria-0628;C;baixa;Na fratura da extremidade distal do rádio na criança, SALTER-HARRIS tipo III, o mecanismo de trauma dá-se por
2018;54;já existia (ano marcado);joelho-0013;;;Na lesão do ligamento cruzado posterior, a complicação pós-operatória mais comum é a
2018;55;NOVA (adicionada e comentada);pediatria-0629;D;alta;A fratura do côndilo lateral na criança MILCH tipo I corresponde, na classificação de SALTER-HARRIS, ao tipo
2018;56;já existia (ano marcado);pediatria-0028;;;Na displasia do desenvolvimento do quadril, segundo a classificação ultrassonográfica de GRAAF, o ângulo entre o ilíaco e o teto cartilaginoso do acetábulo é o
2018;57;já existia (ano marcado);osteometabolicas-0005;;;Na osteodistrofia renal, encontram-se níveis séricos de fosfato
2018;58;já existia (ano marcado);pediatria-0029;;;Na epifisiólise da extremidade proximal do fêmur, o ângulo cervicodiafisário encontra-se
2018;59;já existia (ano marcado);quadril-0008;;;Na biomecânica do quadril, a carga na cabeça do fêmur é diminuída com a
2018;60;já existia (ano marcado);tumores-0027;;;Na biopsia óssea aberta, para evitar a formação de hematoma, o orifício deve ser
2018;61;NOVA (adicionada e comentada);pediatria-0630;A;alta;Na fratura completa da diáfise da tíbia com a fíbula íntegra na criança, o desvio tende a ser em
2018;62;já existia (ano marcado);quadril-0009, quadril-0201;;;Na artroplastia total do quadril, o uso de cabeças com diâmetros maiores
2018;63;já existia (ano marcado);quadril-0010;;;Na infecção pós-artroplastia, a formação do biofilme ocorre na maioria dos casos a partir de
2018;64;NOVA (adicionada e comentada);trauma-1084;A;alta;Na fratura por estresse da tíbia, a cintilografia óssea com tecnécio geralmente apresenta aumento de captação
2018;65;já existia (ano marcado);tumores-0028;;;A doença de PAGET é mais frequente em descendentes
2018;66;já existia (ano marcado);pediatria-0030;;;Na artrogripose neuropática, na medula espinhal ocorre
2018;67;já existia (ano marcado);pediatria-0031;;;No tratamento cirúrgico do pé torto congênito, a lesão iatrogênica do tendão do fibular longo causa
2018;68;já existia (ano marcado);pe-tornozelo-0021;;;No pé plano adquirido do adulto, estágio III de JOHNSON-STROM, o tratamento cirúrgico é
2018;69;já existia (ano marcado);pediatria-0032;;;A deformidade congênita posteromedial da tíbia associa-se com
2018;70;já existia (ano marcado);joelho-0014;;;A osteocondrite dissecante do joelho é mais frequente em
2018;71;já existia (ano marcado);trauma-0055;;;Na fratura do processo coronoide, segundo a classificação de O`DRISCOLL, o tipo I está comumente associado a fratura
2018;72;já existia (ano marcado);mao-0022;;;No processo de cicatrização dos tendões flexores da mão, o fechamento das polias favorece
2018;73;já existia (ano marcado);mao-0023;;;Na doença de KIENBOCK, a classificação de LICHTMAN grau IIIB é caracterizado por
2018;74;já existia (ano marcado);pediatria-0033;;;Na avaliação da discrepância dos membros inferiores, o comprimento real do membro é a distância entre a
2018;75;já existia (ano marcado);joelho-0015;;;A atividade de vida diária que mais exige flexão do joelho é
2018;76;NOVA (adicionada e comentada);pediatria-0631;A;baixa;Na fratura da diáfise do úmero na criança, aceita-se desvio em rotação medial de
2018;77;já existia (ano marcado);trauma-0056;;;Na fratura pertrocantérica do fêmur com lesão da cápsula articular, a diáfise é desviada pela ação do músculo
2018;78;já existia (ano marcado);trauma-0057;;;Na fratura da extremidade proximal do úmero, o desvio da tuberosidade menor é
2018;79;já existia (ano marcado);mao-0024;;;Na sinostose radioulnar proximal, a complicação mais frequente após osteotomia derrotatória de 90 graus é a
2018;80;já existia (ano marcado);mao-0025;;;Na deficiência longitudinal do rádio e da ulna, os tipos mais comuns, segundo a classificação de BAYNE, são respectivamente
2018;81;NOVA (adicionada e comentada);pediatria-0632;B;alta;Na fratura dos ossos do antebraço na criança, a refratura é mais comum na fratura do tipo
2018;82;já existia (ano marcado);pediatria-0034;;;No torcicolo muscular congênito, é fator de pior prognóstico do tratamento conservador a
2018;83;já existia (ano marcado);quadril-0011;;;Na necrose asséptica da cabeça do fêmur, a osteotomia proximal do fêmur tem melhor indicação
2018;84;já existia (ano marcado);ombro-cotovelo-0016;;;No cotovelo, são estabilizadores primários
2018;85;já existia (ano marcado);pediatria-0035;;;Na avaliação da marcha, o apoio da mão sobre a face anterior da coxa caracteriza
2018;86;já existia (ano marcado);mao-0026;;;A contratura de DUPUYTREN é mais frequente nos pacientes do gênero
2018;87;já existia (ano marcado);trauma-0058;;;Na luxação acromioclavicular, a incidência radiográfica de
2018;88;já existia (ano marcado);trauma-0059;;;Na “tríade terrível” do cotovelo, o mecanismo de trauma consiste na queda com o cotovelo em
2018;89;já existia (ano marcado);ombro-cotovelo-0017;;;Na instabilidade do ombro, o tratamento cirúrgico da lesão de HILL-SACHS reversa com comprometimento da superfície articular de 25% é a
2018;90;já existia (ano marcado);mao-0027;;;"Na anatomia da diáfise do antebraço do adulto, os músculos que compõem o ""coxim móvel” (mobile ward) são"
2018;91;já existia (ano marcado);conceitos-basicos-0025;;;Na artrite séptica da criança, a análise do líquido sinovial revela contagem de leucócitos
2018;92;já existia (ano marcado);conceitos-basicos-0026;;;O enxerto ósseo homólogo tem como principal propriedade a
2018;93;já existia (ano marcado);trauma-0060;;;Na fratura da diáfise dos ossos do antebraço do adulto, o uso de haste intramedular é indicada na fratura
2018;94;NOVA (adicionada e comentada);pediatria-0633;B;média;Na fratura desviada da extremidade distal da clavícula da criança tipo V de ROCKWOOD, a estrutura que normalmente se rompe é o
2018;95;já existia (ano marcado);trauma-0061;;;Na fratura exposta, o fechamento primário da lesão de pele deve ser realizado em paciente com ISS (Injury Severity Score)
2018;96;NOVA (adicionada e comentada);pediatria-0634;C;alta;Na fratura da extremidade proximal do fêmur da criança, a complicação de pior prognóstico é
2018;97;já existia (ano marcado);quadril-0012;;;Na fratura periprotética intra-operatória do fêmur após artroplastia total do quadril, a classificação de VANCOUVER tipo B1 significa
2018;98;já existia (ano marcado);conceitos-basicos-0027;;;No princípio da estabilidade absoluta, a placa com compressão axial deve ser
2018;99;já existia (ano marcado);mao-0028;;;No movimento do punho de radial para ulnar, a fileira proximal do carpo gira no sentido
2018;100;NOVA (adicionada e comentada);quadril-0329;B;baixa;Na osteíte púbica, em caso de falha do tratamento clínico, indica-se a intervenção cirúrgica após um período de, no mínimo,
2019;1;já existia (ano marcado);pediatria-0013;;;Na hemimelia tibial, com ausência completa da tíbia, observa-se
2019;2;já existia (ano marcado);tumores-0010;;;A forma clássica da doença de HAND-SCHULLER-CHRISTIAN caracteriza-se por lesão óssea
2019;3;já existia (ano marcado);pe-tornozelo-0010;;;No pé metatarso varo, tratado com gesso seriado, o fulcro para a correção da deformidade deve ser na articulação
2019;4;já existia (ano marcado);pediatria-0014;;;A luxação congênita da cabeça do rádio, na maioria dos casos é
2019;5;já existia (ano marcado);pediatria-0015;;;A doença de KÖHLER e de ISELIN se localizam, respectivamente,
2019;6;já existia (ano marcado);pe-tornozelo-0011;;;No pé cavo varo infantil, o retropé se encontra em
2019;7;já existia (ano marcado);coluna-0007;;;A espondilolistese displásica da criança é mais frequentemente encontrada no sexo
2019;8;já existia (ano marcado);coluna-0008;;;Na cifose de SCHEUERMANN, é critério radiológico de SÖRENSEN para o diagnóstico
2019;9;já existia (ano marcado);conceitos-basicos-0011;;;Na artrite séptica do quadril, é critério de KOCHER
2019;10;já existia (ano marcado);pediatria-0016;;;Na tíbia vara de BLOUNT, a barra óssea através da fise está presente a partir do estágio LANGERSKIÖLD
2019;11;já existia (ano marcado);pediatria-0017;;;A pseudartrose congênita da clavícula é mais comum no sexo
2019;12;já existia (ano marcado);joelho-0006;;;Na osteocondrite dissecante da patela, a lesão frequentemente é
2019;13;já existia (ano marcado);mao-0009;;;Na sindactilia, na sua forma simples, normalmente encontra-se
2019;14;já existia (ano marcado);tumores-0011;;;Na fratura patológica da criança secundária à displasia fibrosa, a consolidação é
2019;15;já existia (ano marcado);tumores-0012;;;Na neurofibromatose tipo 1, o sinal de CROWE representa
2019;16;já existia (ano marcado);pediatria-0018, pediatria-0463;;;Na doença de LEGG-CALVE-PERTHES, a classificação de HERING baseia-se na radiografia
2019;17;já existia (ano marcado);pediatria-0019;;;Na distrofia muscular de Duchenne, a criança deixa de caminhar por perda de força de
2019;18;já existia (ano marcado);pediatria-0020;;;Na paralisia cerebral, a criança que apresenta controle cervical e do tronco, mas deambula com limitações em domicílio e ambientes fechados, necessitando de cadeira de rodas na comunidade, tem classificação funcional GMFCS nível
2019;19;já existia (ano marcado);tumores-0013;;;No cisto ósseo aneurismático, a recorrência após curetagem está associada a idade
2019;20;já existia (ano marcado);joelho-0007;;;O menisco discoide é mais frequente no menisco
2019;21;já existia (ano marcado);pe-tornozelo-0012;;;A lesão osteocondral anterolateral do tálus tem como mecanismo de trauma a
2019;22;já existia (ano marcado);pe-tornozelo-0013;;;A instabilidade da 2a articulação metatarsofalangica classificada por COUGHLIN, BAUMFELD e NERY como grau 3 apresenta um desvio
2019;23;já existia (ano marcado);mao-0010;;;No desfiladeiro torácico, a síndrome de PAGET-SCHROETTER é caracterizada pela compressão
2019;24;já existia (ano marcado);quadril-0004;;;Na síndrome dolorosa do quadril, no impacto femoroacetabular extra-articular posterior, frequentemente encontra-se
2019;25;já existia (ano marcado);joelho-0008;;;A ruptura do tendão quadríceps femoral ocorre frequentemente no idoso e no jovem, respectivamente, nas regiões
2019;26;já existia (ano marcado);pe-tornozelo-0014;;;Na lesão osteocondral do tálus, a classificação de ANDERSON é baseada na
2019;27;já existia (ano marcado);joelho-0009;;;No tratamento das instabilidades ligamentares é indicação para osteotomia valgizante da tíbia a
2019;28;já existia (ano marcado);mao-0011;;;Na tenossinovite, a síndrome da interseção no antebraço é caracterizada pelo atrito entre os tendões do
2019;29;já existia (ano marcado);mao-0012;;;Na síndrome do nervo interósseo anterior, o teste realizado para detectar compressão no músculo pronador redondo envolve pronação
2019;30;já existia (ano marcado);mao-0013;;;Na dissociação entre o escafoide e o semilunar, no mecanismo de trauma, ocorre hiperextensão do punho, desvio
2019;31;já existia (ano marcado);mao-0014;;;Na rizartrose, a subluxação dorsal do metacarpo ocorre por insuficiência do ligamento
2019;32;já existia (ano marcado);tumores-0014;;;Nos tumores benignos, o uso do denosumab sistêmico é indicado no tratamento do
2019;33;já existia (ano marcado);tumores-0015;;;Nos tumores malignos, a localização mais frequente do osteossarcoma parosteal e do periosteal é, respectivamente,
2019;34;já existia (ano marcado);tumores-0016;;;Na fratura patológica secundária a osteossarcoma da extremidade distal do fêmur de um adolescente, na vigência de quimioterapia, o tratamento da fratura deve ser
2019;35;já existia (ano marcado);tumores-0017;;;Nos sarcomas de tecidos moles, o rabdomiossarcoma é mais frequente
2019;36;já existia (ano marcado);conceitos-basicos-0012;;;No controle da dor, o bloqueio do nervo femoral é usado para analgesia da região do
2019;37;já existia (ano marcado);quadril-0005;;;Na lesão do músculo do iliopsoas, a manobra de LUDLOFF é realizada com
2019;38;já existia (ano marcado);pediatria-0021, quadril-0006;;;A osteotomia periacetabular de BERNESSE é indicada no tratamento da displasia congruente do quadril com o ângulo centro borda
2019;39;já existia (ano marcado);osteometabolicas-0004;;;Na osteoporose, o mecanismo de ação dos bifosfonados é de
2019;40;já existia (ano marcado);conceitos-basicos-0013;;;A infecção óssea, após osteossíntese com placa que penetra o córtex, mas não cria instabilidade axial, é classificada por CIERNY–MADER como tipo
2019;41;já existia (ano marcado);conceitos-basicos-0014;;;Na investigação da pseudoartrose, a cintilografia com uma fenda fria entre duas áreas quentes de captação corresponde ao tipo
2019;42;já existia (ano marcado);joelho-0010;;;Na instabilidade patelar, o esporão supratroclear com tróclea plana é classificada por DEJOUR como
2019;43;já existia (ano marcado);conceitos-basicos-0015;;;A osteomielite subaguda que acomete a vértebra é classificada, segundo a classificação de GLEDHILL modificada por ROBERTS, como tipo
2019;44;já existia (ano marcado);ombro-cotovelo-0008;;;Na capsulite adesiva do ombro, a sequência para manipulação sob anestesia é
2019;45;já existia (ano marcado);ombro-cotovelo-0009;;;A tendinite calcárea do ombro acomete principalmente o tendão do
2019;46;NOVA (adicionada e comentada);pediatria-0635;C;baixa;As lesões fisárias da extremidade distal do fêmur no adolescente são provocadas frequentemente por forças de
2019;47;NOVA (adicionada e comentada);pediatria-0636;D;baixa;Na deformidade plástica dos ossos do antebraço de criança com idade inferior a seis anos, a redução incruenta está indicada quando apresenta
2019;48;NOVA (adicionada e comentada);pediatria-0637;A;baixa;A fratura luxação do tornozelo de uma criança classificada como triplanar com dois fragmentos é fixada pela via
2019;49;NOVA (adicionada e comentada);pediatria-0638;A;média;Na lesão cervical baixa da criança, a ossificação incompleta simulando uma fratura compressão é mais frequentemente observada em
2019;50;NOVA (adicionada e comentada);pediatria-0639;C;alta;Na fratura supracondiliana do úmero da criança, o mecanismo de trauma associado à lesão do nervo interósseo anterior é em
2019;51;NOVA (adicionada e comentada);pediatria-0640;D;alta;Na fratura do colo do rádio da criança, o mecanismo de trauma mais frequente é
2019;52;NOVA (adicionada e comentada);pediatria-0641;B;alta;Na lesão fisária, a barra óssea com melhor resultado após a ressecção é causada por
2019;53;NOVA (adicionada e comentada);pediatria-0642;A;baixa;Na fratura do úmero proximal da criança, a lesão do plexo braquial ocorre com o desvio em
2019;54;NOVA (adicionada e comentada);pediatria-0643;D;alta;Na fratura da clavícula da criança em idade escolar, o mecanismo de trauma mais comum é
2019;55;NOVA (adicionada e comentada);pediatria-0644;A;alta;Na criança, a fratura do metacarpo localiza-se mais frequentemente
2019;56;NOVA (adicionada e comentada);pediatria-0645;C;baixa;A fratura dos ramos púbicos bilaterais da criança é classificada segundo TORODE e ZIEG, como tipo
2019;57;NOVA (adicionada e comentada);pediatria-0646;B;baixa;Na fratura metafisária proximal da tíbia da criança, a deformidade em valgo frequentemente é maior aos
2019;58;NOVA (adicionada e comentada);pediatria-0647;B;alta;Na fratura multifragmentada da diáfise do fêmur de criança de oito anos, pesando 60 kg, o tratamento melhor indicado é
2019;59;já existia (ano marcado);trauma-0022;;;Na fratura diafisária do fêmur, a associação com fratura ipsilateral do colo femoral ocorre em
2019;60;já existia (ano marcado);trauma-0023;;;A lesão mais frequente no complexo suspensório superior do ombro é a fratura da
2019;61;já existia (ano marcado);pe-tornozelo-0015;;;Na lesão crônica do tendão calcâneo, a técnica de BOSWORTH utiliza o
2019;62;já existia (ano marcado);trauma-0024;;;A fratura do corpo do navicular tipo I de SANGEORZAN é caracterizada por um traço
2019;63;já existia (ano marcado);conceitos-basicos-0016;;;Na fratura exposta da tíbia, o uso da haste intramedular fresada em detrimento a uma haste intramedular não fresada gera um aumento
2019;64;já existia (ano marcado);trauma-0025;;;A fratura por estresse na diáfise da tíbia ocorre com maior frequência por forças de
2019;65;já existia (ano marcado);trauma-0026;;;A fratura do odontoide tipo I de ANDERSON e D’ALONZO ocorre por tração do ligamento
2019;66;já existia (ano marcado);coluna-0009;;;No trauma raquimedular, o mecanismo de trauma mais frequentemente envolvido na lesão primária é
2019;67;já existia (ano marcado);trauma-0027;;;Na fratura da cabeça do rádio, tratada com artroplastia, a principal complicação é
2019;68;já existia (ano marcado);trauma-0028;;;A fratura-luxação de ESSEX–LOPRESTI consiste na lesão da membrana interóssea associada a fratura
2019;69;já existia (ano marcado);trauma-0029;;;A fratura da cabeça do fêmur associada a fratura do acetábulo é classificada por PIPKIN como tipo
2019;70;já existia (ano marcado);trauma-0030;;;A fratura subtrocantérica do adulto secundária ao uso de alendronato tem como característica
2019;71;já existia (ano marcado);trauma-0031;;;Na fratura do planalto tibial por cisalhamento posteromedial, o mecanismo de trauma é varo,
2019;72;já existia (ano marcado);trauma-0032;;;A fratura da patela com traço longitudinal ou vertical normalmente tem como mecanismo trauma direto com joelho em
2019;73;NOVA (adicionada e comentada);trauma-1085;B;alta;Na fratura diafisária da tíbia, a principal indicação do acesso suprapatelar é
2019;74;já existia (ano marcado);trauma-0033;;;Na fratura da diáfise dos ossos do antebraço, o nervo mais frequentemente lesionado durante o tratamento cirúrgico é o
2019;75;já existia (ano marcado);trauma-0034;;;Na luxação do joelho, são fatores de bom prognóstico a reconstrução precoce
2019;76;já existia (ano marcado);mao-0015;;;Na cobertura cutânea da mão, o pedículo do retalho da artéria interóssea posterior é identificado entre os músculos
2019;77;já existia (ano marcado);mao-0016;;;Na lesão do tendão extensor do polegar, a associação com lesão dos tendões do primeiro compartimento dorsal é mais frequente na zona
2019;78;já existia (ano marcado);trauma-0035, trauma-0931;;;Na fratura da extremidade distal do rádio, utiliza-se como parâmetro radiográfico para determinar a medida do comprimento radial
2019;79;já existia (ano marcado);trauma-0036;;;A fratura do tálus tipo “snowboarder” está localizada
2019;80;já existia (ano marcado);conceitos-basicos-0017;;;A placa de neutralização tem como função proteger o parafuso de tração de forças de
2019;81;já existia (ano marcado);conceitos-basicos-0018;;;Na haste intramedular, o bloqueio com dois parafusos nas regiões proximal e distal, na fratura multifragmentar da diáfise do fêmur é indicado para controlar o desvio
2019;82;já existia (ano marcado);trauma-0037;;;Na fratura do colo do fêmur, o mecanismo de trauma em rotação externa ocasiona
2019;83;já existia (ano marcado);ombro-cotovelo-0010;;;Na luxação do ombro, durante a cirurgia de LATARJET, a estrutura em risco é o nervo
2019;84;já existia (ano marcado);trauma-0038;;;Na fratura da dupla coluna multifragmentada do acetábulo, a congruência secundária ocorre em decorrência da integridade do
2019;85;já existia (ano marcado);trauma-0039;;;Nas luxações anteriores do quadril, a estrutura que atua como fulcro para a lesão da cápsula articular é o
2019;86;já existia (ano marcado);trauma-0040;;;Na fratura do sacro, a instabilidade espinopélvica está associada a fratura
2019;87;já existia (ano marcado);ombro-cotovelo-0011;;;Na rigidez do cotovelo, a localização da ossificação heterotópica pós-traumática e pós-queimadura é, respectivamente,
2019;88;já existia (ano marcado);ombro-cotovelo-0012;;;Na luxação posterolateral do cotovelo, a sequência das lesões é ligamento colateral
2019;89;já existia (ano marcado);conceitos-basicos-0019, pe-tornozelo-0016;;;A ruptura traumática do músculo gastrocnêmio ocorre durante contração
2019;90;já existia (ano marcado);conceitos-basicos-0020;;;Na fixação externa uniplanar, o aumento da estabilidade está associado a
2019;91;já existia (ano marcado);coluna-0010;;;Na embriologia da coluna vertebral, o fechamento da sincondrose entre o corpo e o arco vertebral ocorre por último na região
2019;92;já existia (ano marcado);pediatria-0022;;;Em relação ao crescimento e desenvolvimento de uma criança, é esperado aos 18 meses de idade que ela comece a
2019;93;já existia (ano marcado);ombro-cotovelo-0013;;;Na semiologia do ombro, o teste de YOKUM consite em
2019;94;já existia (ano marcado);pediatria-0023;;;Na marcha normal, a fase de
2019;95;NOVA (adicionada e comentada);pediatria-0648;D;alta;No cotovelo, o último núcleo de ossificação a se fundir no úmero distal é o
2019;96;já existia (ano marcado);tumores-0018;;;Na histologia dos tumores benignos, as lesões que apresentam células gigantes são
2019;97;já existia (ano marcado);tumores-0019;;;O tumor ósseo de localização epifisária na criança é sugestivo de
2019;98;já existia (ano marcado);pediatria-0024;;;No desenvolvimento da coxa, o centro de ossificação da cabeça do fêmur é visibilizado na radiografia
2019;99;já existia (ano marcado);conceitos-basicos-0021;;;Na avaliação do paciente com dor, o termo alodinia é utilizado quando existe
2019;100;já existia (ano marcado);conceitos-basicos-0022;;;No controle da dor, o uso da dipirona tem como mecanismo a inibição
